time_pk,time_of_day,hour,minute,daytime_name,day_night
"00:00:00","00:00","0","0","Night","Night"
"00:01:00","00:01","0","1","Night","Night"
"00:02:00","00:02","0","2","Night","Night"
"00:03:00","00:03","0","3","Night","Night"
"00:04:00","00:04","0","4","Night","Night"
"00:05:00","00:05","0","5","Night","Night"
"00:06:00","00:06","0","6","Night","Night"
"00:07:00","00:07","0","7","Night","Night"
"00:08:00","00:08","0","8","Night","Night"
"00:09:00","00:09","0","9","Night","Night"
"00:10:00","00:10","0","10","Night","Night"
"00:11:00","00:11","0","11","Night","Night"
"00:12:00","00:12","0","12","Night","Night"
"00:13:00","00:13","0","13","Night","Night"
"00:14:00","00:14","0","14","Night","Night"
"00:15:00","00:15","0","15","Night","Night"
"00:16:00","00:16","0","16","Night","Night"
"00:17:00","00:17","0","17","Night","Night"
"00:18:00","00:18","0","18","Night","Night"
"00:19:00","00:19","0","19","Night","Night"
"00:20:00","00:20","0","20","Night","Night"
"00:21:00","00:21","0","21","Night","Night"
"00:22:00","00:22","0","22","Night","Night"
"00:23:00","00:23","0","23","Night","Night"
"00:24:00","00:24","0","24","Night","Night"
"00:25:00","00:25","0","25","Night","Night"
"00:26:00","00:26","0","26","Night","Night"
"00:27:00","00:27","0","27","Night","Night"
"00:28:00","00:28","0","28","Night","Night"
"00:29:00","00:29","0","29","Night","Night"
"00:30:00","00:30","0","30","Night","Night"
"00:31:00","00:31","0","31","Night","Night"
"00:32:00","00:32","0","32","Night","Night"
"00:33:00","00:33","0","33","Night","Night"
"00:34:00","00:34","0","34","Night","Night"
"00:35:00","00:35","0","35","Night","Night"
"00:36:00","00:36","0","36","Night","Night"
"00:37:00","00:37","0","37","Night","Night"
"00:38:00","00:38","0","38","Night","Night"
"00:39:00","00:39","0","39","Night","Night"
"00:40:00","00:40","0","40","Night","Night"
"00:41:00","00:41","0","41","Night","Night"
"00:42:00","00:42","0","42","Night","Night"
"00:43:00","00:43","0","43","Night","Night"
"00:44:00","00:44","0","44","Night","Night"
"00:45:00","00:45","0","45","Night","Night"
"00:46:00","00:46","0","46","Night","Night"
"00:47:00","00:47","0","47","Night","Night"
"00:48:00","00:48","0","48","Night","Night"
"00:49:00","00:49","0","49","Night","Night"
"00:50:00","00:50","0","50","Night","Night"
"00:51:00","00:51","0","51","Night","Night"
"00:52:00","00:52","0","52","Night","Night"
"00:53:00","00:53","0","53","Night","Night"
"00:54:00","00:54","0","54","Night","Night"
"00:55:00","00:55","0","55","Night","Night"
"00:56:00","00:56","0","56","Night","Night"
"00:57:00","00:57","0","57","Night","Night"
"00:58:00","00:58","0","58","Night","Night"
"00:59:00","00:59","0","59","Night","Night"
"01:00:00","01:00","1","60","Night","Night"
"01:01:00","01:01","1","61","Night","Night"
"01:02:00","01:02","1","62","Night","Night"
"01:03:00","01:03","1","63","Night","Night"
"01:04:00","01:04","1","64","Night","Night"
"01:05:00","01:05","1","65","Night","Night"
"01:06:00","01:06","1","66","Night","Night"
"01:07:00","01:07","1","67","Night","Night"
"01:08:00","01:08","1","68","Night","Night"
"01:09:00","01:09","1","69","Night","Night"
"01:10:00","01:10","1","70","Night","Night"
"01:11:00","01:11","1","71","Night","Night"
"01:12:00","01:12","1","72","Night","Night"
"01:13:00","01:13","1","73","Night","Night"
"01:14:00","01:14","1","74","Night","Night"
"01:15:00","01:15","1","75","Night","Night"
"01:16:00","01:16","1","76","Night","Night"
"01:17:00","01:17","1","77","Night","Night"
"01:18:00","01:18","1","78","Night","Night"
"01:19:00","01:19","1","79","Night","Night"
"01:20:00","01:20","1","80","Night","Night"
"01:21:00","01:21","1","81","Night","Night"
"01:22:00","01:22","1","82","Night","Night"
"01:23:00","01:23","1","83","Night","Night"
"01:24:00","01:24","1","84","Night","Night"
"01:25:00","01:25","1","85","Night","Night"
"01:26:00","01:26","1","86","Night","Night"
"01:27:00","01:27","1","87","Night","Night"
"01:28:00","01:28","1","88","Night","Night"
"01:29:00","01:29","1","89","Night","Night"
"01:30:00","01:30","1","90","Night","Night"
"01:31:00","01:31","1","91","Night","Night"
"01:32:00","01:32","1","92","Night","Night"
"01:33:00","01:33","1","93","Night","Night"
"01:34:00","01:34","1","94","Night","Night"
"01:35:00","01:35","1","95","Night","Night"
"01:36:00","01:36","1","96","Night","Night"
"01:37:00","01:37","1","97","Night","Night"
"01:38:00","01:38","1","98","Night","Night"
"01:39:00","01:39","1","99","Night","Night"
"01:40:00","01:40","1","100","Night","Night"
"01:41:00","01:41","1","101","Night","Night"
"01:42:00","01:42","1","102","Night","Night"
"01:43:00","01:43","1","103","Night","Night"
"01:44:00","01:44","1","104","Night","Night"
"01:45:00","01:45","1","105","Night","Night"
"01:46:00","01:46","1","106","Night","Night"
"01:47:00","01:47","1","107","Night","Night"
"01:48:00","01:48","1","108","Night","Night"
"01:49:00","01:49","1","109","Night","Night"
"01:50:00","01:50","1","110","Night","Night"
"01:51:00","01:51","1","111","Night","Night"
"01:52:00","01:52","1","112","Night","Night"
"01:53:00","01:53","1","113","Night","Night"
"01:54:00","01:54","1","114","Night","Night"
"01:55:00","01:55","1","115","Night","Night"
"01:56:00","01:56","1","116","Night","Night"
"01:57:00","01:57","1","117","Night","Night"
"01:58:00","01:58","1","118","Night","Night"
"01:59:00","01:59","1","119","Night","Night"
"02:00:00","02:00","2","120","Night","Night"
"02:01:00","02:01","2","121","Night","Night"
"02:02:00","02:02","2","122","Night","Night"
"02:03:00","02:03","2","123","Night","Night"
"02:04:00","02:04","2","124","Night","Night"
"02:05:00","02:05","2","125","Night","Night"
"02:06:00","02:06","2","126","Night","Night"
"02:07:00","02:07","2","127","Night","Night"
"02:08:00","02:08","2","128","Night","Night"
"02:09:00","02:09","2","129","Night","Night"
"02:10:00","02:10","2","130","Night","Night"
"02:11:00","02:11","2","131","Night","Night"
"02:12:00","02:12","2","132","Night","Night"
"02:13:00","02:13","2","133","Night","Night"
"02:14:00","02:14","2","134","Night","Night"
"02:15:00","02:15","2","135","Night","Night"
"02:16:00","02:16","2","136","Night","Night"
"02:17:00","02:17","2","137","Night","Night"
"02:18:00","02:18","2","138","Night","Night"
"02:19:00","02:19","2","139","Night","Night"
"02:20:00","02:20","2","140","Night","Night"
"02:21:00","02:21","2","141","Night","Night"
"02:22:00","02:22","2","142","Night","Night"
"02:23:00","02:23","2","143","Night","Night"
"02:24:00","02:24","2","144","Night","Night"
"02:25:00","02:25","2","145","Night","Night"
"02:26:00","02:26","2","146","Night","Night"
"02:27:00","02:27","2","147","Night","Night"
"02:28:00","02:28","2","148","Night","Night"
"02:29:00","02:29","2","149","Night","Night"
"02:30:00","02:30","2","150","Night","Night"
"02:31:00","02:31","2","151","Night","Night"
"02:32:00","02:32","2","152","Night","Night"
"02:33:00","02:33","2","153","Night","Night"
"02:34:00","02:34","2","154","Night","Night"
"02:35:00","02:35","2","155","Night","Night"
"02:36:00","02:36","2","156","Night","Night"
"02:37:00","02:37","2","157","Night","Night"
"02:38:00","02:38","2","158","Night","Night"
"02:39:00","02:39","2","159","Night","Night"
"02:40:00","02:40","2","160","Night","Night"
"02:41:00","02:41","2","161","Night","Night"
"02:42:00","02:42","2","162","Night","Night"
"02:43:00","02:43","2","163","Night","Night"
"02:44:00","02:44","2","164","Night","Night"
"02:45:00","02:45","2","165","Night","Night"
"02:46:00","02:46","2","166","Night","Night"
"02:47:00","02:47","2","167","Night","Night"
"02:48:00","02:48","2","168","Night","Night"
"02:49:00","02:49","2","169","Night","Night"
"02:50:00","02:50","2","170","Night","Night"
"02:51:00","02:51","2","171","Night","Night"
"02:52:00","02:52","2","172","Night","Night"
"02:53:00","02:53","2","173","Night","Night"
"02:54:00","02:54","2","174","Night","Night"
"02:55:00","02:55","2","175","Night","Night"
"02:56:00","02:56","2","176","Night","Night"
"02:57:00","02:57","2","177","Night","Night"
"02:58:00","02:58","2","178","Night","Night"
"02:59:00","02:59","2","179","Night","Night"
"03:00:00","03:00","3","180","Night","Night"
"03:01:00","03:01","3","181","Night","Night"
"03:02:00","03:02","3","182","Night","Night"
"03:03:00","03:03","3","183","Night","Night"
"03:04:00","03:04","3","184","Night","Night"
"03:05:00","03:05","3","185","Night","Night"
"03:06:00","03:06","3","186","Night","Night"
"03:07:00","03:07","3","187","Night","Night"
"03:08:00","03:08","3","188","Night","Night"
"03:09:00","03:09","3","189","Night","Night"
"03:10:00","03:10","3","190","Night","Night"
"03:11:00","03:11","3","191","Night","Night"
"03:12:00","03:12","3","192","Night","Night"
"03:13:00","03:13","3","193","Night","Night"
"03:14:00","03:14","3","194","Night","Night"
"03:15:00","03:15","3","195","Night","Night"
"03:16:00","03:16","3","196","Night","Night"
"03:17:00","03:17","3","197","Night","Night"
"03:18:00","03:18","3","198","Night","Night"
"03:19:00","03:19","3","199","Night","Night"
"03:20:00","03:20","3","200","Night","Night"
"03:21:00","03:21","3","201","Night","Night"
"03:22:00","03:22","3","202","Night","Night"
"03:23:00","03:23","3","203","Night","Night"
"03:24:00","03:24","3","204","Night","Night"
"03:25:00","03:25","3","205","Night","Night"
"03:26:00","03:26","3","206","Night","Night"
"03:27:00","03:27","3","207","Night","Night"
"03:28:00","03:28","3","208","Night","Night"
"03:29:00","03:29","3","209","Night","Night"
"03:30:00","03:30","3","210","Night","Night"
"03:31:00","03:31","3","211","Night","Night"
"03:32:00","03:32","3","212","Night","Night"
"03:33:00","03:33","3","213","Night","Night"
"03:34:00","03:34","3","214","Night","Night"
"03:35:00","03:35","3","215","Night","Night"
"03:36:00","03:36","3","216","Night","Night"
"03:37:00","03:37","3","217","Night","Night"
"03:38:00","03:38","3","218","Night","Night"
"03:39:00","03:39","3","219","Night","Night"
"03:40:00","03:40","3","220","Night","Night"
"03:41:00","03:41","3","221","Night","Night"
"03:42:00","03:42","3","222","Night","Night"
"03:43:00","03:43","3","223","Night","Night"
"03:44:00","03:44","3","224","Night","Night"
"03:45:00","03:45","3","225","Night","Night"
"03:46:00","03:46","3","226","Night","Night"
"03:47:00","03:47","3","227","Night","Night"
"03:48:00","03:48","3","228","Night","Night"
"03:49:00","03:49","3","229","Night","Night"
"03:50:00","03:50","3","230","Night","Night"
"03:51:00","03:51","3","231","Night","Night"
"03:52:00","03:52","3","232","Night","Night"
"03:53:00","03:53","3","233","Night","Night"
"03:54:00","03:54","3","234","Night","Night"
"03:55:00","03:55","3","235","Night","Night"
"03:56:00","03:56","3","236","Night","Night"
"03:57:00","03:57","3","237","Night","Night"
"03:58:00","03:58","3","238","Night","Night"
"03:59:00","03:59","3","239","Night","Night"
"04:00:00","04:00","4","240","Night","Night"
"04:01:00","04:01","4","241","Night","Night"
"04:02:00","04:02","4","242","Night","Night"
"04:03:00","04:03","4","243","Night","Night"
"04:04:00","04:04","4","244","Night","Night"
"04:05:00","04:05","4","245","Night","Night"
"04:06:00","04:06","4","246","Night","Night"
"04:07:00","04:07","4","247","Night","Night"
"04:08:00","04:08","4","248","Night","Night"
"04:09:00","04:09","4","249","Night","Night"
"04:10:00","04:10","4","250","Night","Night"
"04:11:00","04:11","4","251","Night","Night"
"04:12:00","04:12","4","252","Night","Night"
"04:13:00","04:13","4","253","Night","Night"
"04:14:00","04:14","4","254","Night","Night"
"04:15:00","04:15","4","255","Night","Night"
"04:16:00","04:16","4","256","Night","Night"
"04:17:00","04:17","4","257","Night","Night"
"04:18:00","04:18","4","258","Night","Night"
"04:19:00","04:19","4","259","Night","Night"
"04:20:00","04:20","4","260","Night","Night"
"04:21:00","04:21","4","261","Night","Night"
"04:22:00","04:22","4","262","Night","Night"
"04:23:00","04:23","4","263","Night","Night"
"04:24:00","04:24","4","264","Night","Night"
"04:25:00","04:25","4","265","Night","Night"
"04:26:00","04:26","4","266","Night","Night"
"04:27:00","04:27","4","267","Night","Night"
"04:28:00","04:28","4","268","Night","Night"
"04:29:00","04:29","4","269","Night","Night"
"04:30:00","04:30","4","270","Night","Night"
"04:31:00","04:31","4","271","Night","Night"
"04:32:00","04:32","4","272","Night","Night"
"04:33:00","04:33","4","273","Night","Night"
"04:34:00","04:34","4","274","Night","Night"
"04:35:00","04:35","4","275","Night","Night"
"04:36:00","04:36","4","276","Night","Night"
"04:37:00","04:37","4","277","Night","Night"
"04:38:00","04:38","4","278","Night","Night"
"04:39:00","04:39","4","279","Night","Night"
"04:40:00","04:40","4","280","Night","Night"
"04:41:00","04:41","4","281","Night","Night"
"04:42:00","04:42","4","282","Night","Night"
"04:43:00","04:43","4","283","Night","Night"
"04:44:00","04:44","4","284","Night","Night"
"04:45:00","04:45","4","285","Night","Night"
"04:46:00","04:46","4","286","Night","Night"
"04:47:00","04:47","4","287","Night","Night"
"04:48:00","04:48","4","288","Night","Night"
"04:49:00","04:49","4","289","Night","Night"
"04:50:00","04:50","4","290","Night","Night"
"04:51:00","04:51","4","291","Night","Night"
"04:52:00","04:52","4","292","Night","Night"
"04:53:00","04:53","4","293","Night","Night"
"04:54:00","04:54","4","294","Night","Night"
"04:55:00","04:55","4","295","Night","Night"
"04:56:00","04:56","4","296","Night","Night"
"04:57:00","04:57","4","297","Night","Night"
"04:58:00","04:58","4","298","Night","Night"
"04:59:00","04:59","4","299","Night","Night"
"05:00:00","05:00","5","300","Night","Night"
"05:01:00","05:01","5","301","Night","Night"
"05:02:00","05:02","5","302","Night","Night"
"05:03:00","05:03","5","303","Night","Night"
"05:04:00","05:04","5","304","Night","Night"
"05:05:00","05:05","5","305","Night","Night"
"05:06:00","05:06","5","306","Night","Night"
"05:07:00","05:07","5","307","Night","Night"
"05:08:00","05:08","5","308","Night","Night"
"05:09:00","05:09","5","309","Night","Night"
"05:10:00","05:10","5","310","Night","Night"
"05:11:00","05:11","5","311","Night","Night"
"05:12:00","05:12","5","312","Night","Night"
"05:13:00","05:13","5","313","Night","Night"
"05:14:00","05:14","5","314","Night","Night"
"05:15:00","05:15","5","315","Night","Night"
"05:16:00","05:16","5","316","Night","Night"
"05:17:00","05:17","5","317","Night","Night"
"05:18:00","05:18","5","318","Night","Night"
"05:19:00","05:19","5","319","Night","Night"
"05:20:00","05:20","5","320","Night","Night"
"05:21:00","05:21","5","321","Night","Night"
"05:22:00","05:22","5","322","Night","Night"
"05:23:00","05:23","5","323","Night","Night"
"05:24:00","05:24","5","324","Night","Night"
"05:25:00","05:25","5","325","Night","Night"
"05:26:00","05:26","5","326","Night","Night"
"05:27:00","05:27","5","327","Night","Night"
"05:28:00","05:28","5","328","Night","Night"
"05:29:00","05:29","5","329","Night","Night"
"05:30:00","05:30","5","330","Night","Night"
"05:31:00","05:31","5","331","Night","Night"
"05:32:00","05:32","5","332","Night","Night"
"05:33:00","05:33","5","333","Night","Night"
"05:34:00","05:34","5","334","Night","Night"
"05:35:00","05:35","5","335","Night","Night"
"05:36:00","05:36","5","336","Night","Night"
"05:37:00","05:37","5","337","Night","Night"
"05:38:00","05:38","5","338","Night","Night"
"05:39:00","05:39","5","339","Night","Night"
"05:40:00","05:40","5","340","Night","Night"
"05:41:00","05:41","5","341","Night","Night"
"05:42:00","05:42","5","342","Night","Night"
"05:43:00","05:43","5","343","Night","Night"
"05:44:00","05:44","5","344","Night","Night"
"05:45:00","05:45","5","345","Night","Night"
"05:46:00","05:46","5","346","Night","Night"
"05:47:00","05:47","5","347","Night","Night"
"05:48:00","05:48","5","348","Night","Night"
"05:49:00","05:49","5","349","Night","Night"
"05:50:00","05:50","5","350","Night","Night"
"05:51:00","05:51","5","351","Night","Night"
"05:52:00","05:52","5","352","Night","Night"
"05:53:00","05:53","5","353","Night","Night"
"05:54:00","05:54","5","354","Night","Night"
"05:55:00","05:55","5","355","Night","Night"
"05:56:00","05:56","5","356","Night","Night"
"05:57:00","05:57","5","357","Night","Night"
"05:58:00","05:58","5","358","Night","Night"
"05:59:00","05:59","5","359","Night","Night"
"06:00:00","06:00","6","360","Morning","Night"
"06:01:00","06:01","6","361","Morning","Night"
"06:02:00","06:02","6","362","Morning","Night"
"06:03:00","06:03","6","363","Morning","Night"
"06:04:00","06:04","6","364","Morning","Night"
"06:05:00","06:05","6","365","Morning","Night"
"06:06:00","06:06","6","366","Morning","Night"
"06:07:00","06:07","6","367","Morning","Night"
"06:08:00","06:08","6","368","Morning","Night"
"06:09:00","06:09","6","369","Morning","Night"
"06:10:00","06:10","6","370","Morning","Night"
"06:11:00","06:11","6","371","Morning","Night"
"06:12:00","06:12","6","372","Morning","Night"
"06:13:00","06:13","6","373","Morning","Night"
"06:14:00","06:14","6","374","Morning","Night"
"06:15:00","06:15","6","375","Morning","Night"
"06:16:00","06:16","6","376","Morning","Night"
"06:17:00","06:17","6","377","Morning","Night"
"06:18:00","06:18","6","378","Morning","Night"
"06:19:00","06:19","6","379","Morning","Night"
"06:20:00","06:20","6","380","Morning","Night"
"06:21:00","06:21","6","381","Morning","Night"
"06:22:00","06:22","6","382","Morning","Night"
"06:23:00","06:23","6","383","Morning","Night"
"06:24:00","06:24","6","384","Morning","Night"
"06:25:00","06:25","6","385","Morning","Night"
"06:26:00","06:26","6","386","Morning","Night"
"06:27:00","06:27","6","387","Morning","Night"
"06:28:00","06:28","6","388","Morning","Night"
"06:29:00","06:29","6","389","Morning","Night"
"06:30:00","06:30","6","390","Morning","Night"
"06:31:00","06:31","6","391","Morning","Night"
"06:32:00","06:32","6","392","Morning","Night"
"06:33:00","06:33","6","393","Morning","Night"
"06:34:00","06:34","6","394","Morning","Night"
"06:35:00","06:35","6","395","Morning","Night"
"06:36:00","06:36","6","396","Morning","Night"
"06:37:00","06:37","6","397","Morning","Night"
"06:38:00","06:38","6","398","Morning","Night"
"06:39:00","06:39","6","399","Morning","Night"
"06:40:00","06:40","6","400","Morning","Night"
"06:41:00","06:41","6","401","Morning","Night"
"06:42:00","06:42","6","402","Morning","Night"
"06:43:00","06:43","6","403","Morning","Night"
"06:44:00","06:44","6","404","Morning","Night"
"06:45:00","06:45","6","405","Morning","Night"
"06:46:00","06:46","6","406","Morning","Night"
"06:47:00","06:47","6","407","Morning","Night"
"06:48:00","06:48","6","408","Morning","Night"
"06:49:00","06:49","6","409","Morning","Night"
"06:50:00","06:50","6","410","Morning","Night"
"06:51:00","06:51","6","411","Morning","Night"
"06:52:00","06:52","6","412","Morning","Night"
"06:53:00","06:53","6","413","Morning","Night"
"06:54:00","06:54","6","414","Morning","Night"
"06:55:00","06:55","6","415","Morning","Night"
"06:56:00","06:56","6","416","Morning","Night"
"06:57:00","06:57","6","417","Morning","Night"
"06:58:00","06:58","6","418","Morning","Night"
"06:59:00","06:59","6","419","Morning","Night"
"07:00:00","07:00","7","420","Morning","Day"
"07:01:00","07:01","7","421","Morning","Day"
"07:02:00","07:02","7","422","Morning","Day"
"07:03:00","07:03","7","423","Morning","Day"
"07:04:00","07:04","7","424","Morning","Day"
"07:05:00","07:05","7","425","Morning","Day"
"07:06:00","07:06","7","426","Morning","Day"
"07:07:00","07:07","7","427","Morning","Day"
"07:08:00","07:08","7","428","Morning","Day"
"07:09:00","07:09","7","429","Morning","Day"
"07:10:00","07:10","7","430","Morning","Day"
"07:11:00","07:11","7","431","Morning","Day"
"07:12:00","07:12","7","432","Morning","Day"
"07:13:00","07:13","7","433","Morning","Day"
"07:14:00","07:14","7","434","Morning","Day"
"07:15:00","07:15","7","435","Morning","Day"
"07:16:00","07:16","7","436","Morning","Day"
"07:17:00","07:17","7","437","Morning","Day"
"07:18:00","07:18","7","438","Morning","Day"
"07:19:00","07:19","7","439","Morning","Day"
"07:20:00","07:20","7","440","Morning","Day"
"07:21:00","07:21","7","441","Morning","Day"
"07:22:00","07:22","7","442","Morning","Day"
"07:23:00","07:23","7","443","Morning","Day"
"07:24:00","07:24","7","444","Morning","Day"
"07:25:00","07:25","7","445","Morning","Day"
"07:26:00","07:26","7","446","Morning","Day"
"07:27:00","07:27","7","447","Morning","Day"
"07:28:00","07:28","7","448","Morning","Day"
"07:29:00","07:29","7","449","Morning","Day"
"07:30:00","07:30","7","450","Morning","Day"
"07:31:00","07:31","7","451","Morning","Day"
"07:32:00","07:32","7","452","Morning","Day"
"07:33:00","07:33","7","453","Morning","Day"
"07:34:00","07:34","7","454","Morning","Day"
"07:35:00","07:35","7","455","Morning","Day"
"07:36:00","07:36","7","456","Morning","Day"
"07:37:00","07:37","7","457","Morning","Day"
"07:38:00","07:38","7","458","Morning","Day"
"07:39:00","07:39","7","459","Morning","Day"
"07:40:00","07:40","7","460","Morning","Day"
"07:41:00","07:41","7","461","Morning","Day"
"07:42:00","07:42","7","462","Morning","Day"
"07:43:00","07:43","7","463","Morning","Day"
"07:44:00","07:44","7","464","Morning","Day"
"07:45:00","07:45","7","465","Morning","Day"
"07:46:00","07:46","7","466","Morning","Day"
"07:47:00","07:47","7","467","Morning","Day"
"07:48:00","07:48","7","468","Morning","Day"
"07:49:00","07:49","7","469","Morning","Day"
"07:50:00","07:50","7","470","Morning","Day"
"07:51:00","07:51","7","471","Morning","Day"
"07:52:00","07:52","7","472","Morning","Day"
"07:53:00","07:53","7","473","Morning","Day"
"07:54:00","07:54","7","474","Morning","Day"
"07:55:00","07:55","7","475","Morning","Day"
"07:56:00","07:56","7","476","Morning","Day"
"07:57:00","07:57","7","477","Morning","Day"
"07:58:00","07:58","7","478","Morning","Day"
"07:59:00","07:59","7","479","Morning","Day"
"08:00:00","08:00","8","480","Morning","Day"
"08:01:00","08:01","8","481","Morning","Day"
"08:02:00","08:02","8","482","Morning","Day"
"08:03:00","08:03","8","483","Morning","Day"
"08:04:00","08:04","8","484","Morning","Day"
"08:05:00","08:05","8","485","Morning","Day"
"08:06:00","08:06","8","486","Morning","Day"
"08:07:00","08:07","8","487","Morning","Day"
"08:08:00","08:08","8","488","Morning","Day"
"08:09:00","08:09","8","489","Morning","Day"
"08:10:00","08:10","8","490","Morning","Day"
"08:11:00","08:11","8","491","Morning","Day"
"08:12:00","08:12","8","492","Morning","Day"
"08:13:00","08:13","8","493","Morning","Day"
"08:14:00","08:14","8","494","Morning","Day"
"08:15:00","08:15","8","495","Morning","Day"
"08:16:00","08:16","8","496","Morning","Day"
"08:17:00","08:17","8","497","Morning","Day"
"08:18:00","08:18","8","498","Morning","Day"
"08:19:00","08:19","8","499","Morning","Day"
"08:20:00","08:20","8","500","Morning","Day"
"08:21:00","08:21","8","501","Morning","Day"
"08:22:00","08:22","8","502","Morning","Day"
"08:23:00","08:23","8","503","Morning","Day"
"08:24:00","08:24","8","504","Morning","Day"
"08:25:00","08:25","8","505","Morning","Day"
"08:26:00","08:26","8","506","Morning","Day"
"08:27:00","08:27","8","507","Morning","Day"
"08:28:00","08:28","8","508","Morning","Day"
"08:29:00","08:29","8","509","Morning","Day"
"08:30:00","08:30","8","510","AM","Day"
"08:31:00","08:31","8","511","AM","Day"
"08:32:00","08:32","8","512","AM","Day"
"08:33:00","08:33","8","513","AM","Day"
"08:34:00","08:34","8","514","AM","Day"
"08:35:00","08:35","8","515","AM","Day"
"08:36:00","08:36","8","516","AM","Day"
"08:37:00","08:37","8","517","AM","Day"
"08:38:00","08:38","8","518","AM","Day"
"08:39:00","08:39","8","519","AM","Day"
"08:40:00","08:40","8","520","AM","Day"
"08:41:00","08:41","8","521","AM","Day"
"08:42:00","08:42","8","522","AM","Day"
"08:43:00","08:43","8","523","AM","Day"
"08:44:00","08:44","8","524","AM","Day"
"08:45:00","08:45","8","525","AM","Day"
"08:46:00","08:46","8","526","AM","Day"
"08:47:00","08:47","8","527","AM","Day"
"08:48:00","08:48","8","528","AM","Day"
"08:49:00","08:49","8","529","AM","Day"
"08:50:00","08:50","8","530","AM","Day"
"08:51:00","08:51","8","531","AM","Day"
"08:52:00","08:52","8","532","AM","Day"
"08:53:00","08:53","8","533","AM","Day"
"08:54:00","08:54","8","534","AM","Day"
"08:55:00","08:55","8","535","AM","Day"
"08:56:00","08:56","8","536","AM","Day"
"08:57:00","08:57","8","537","AM","Day"
"08:58:00","08:58","8","538","AM","Day"
"08:59:00","08:59","8","539","AM","Day"
"09:00:00","09:00","9","540","AM","Day"
"09:01:00","09:01","9","541","AM","Day"
"09:02:00","09:02","9","542","AM","Day"
"09:03:00","09:03","9","543","AM","Day"
"09:04:00","09:04","9","544","AM","Day"
"09:05:00","09:05","9","545","AM","Day"
"09:06:00","09:06","9","546","AM","Day"
"09:07:00","09:07","9","547","AM","Day"
"09:08:00","09:08","9","548","AM","Day"
"09:09:00","09:09","9","549","AM","Day"
"09:10:00","09:10","9","550","AM","Day"
"09:11:00","09:11","9","551","AM","Day"
"09:12:00","09:12","9","552","AM","Day"
"09:13:00","09:13","9","553","AM","Day"
"09:14:00","09:14","9","554","AM","Day"
"09:15:00","09:15","9","555","AM","Day"
"09:16:00","09:16","9","556","AM","Day"
"09:17:00","09:17","9","557","AM","Day"
"09:18:00","09:18","9","558","AM","Day"
"09:19:00","09:19","9","559","AM","Day"
"09:20:00","09:20","9","560","AM","Day"
"09:21:00","09:21","9","561","AM","Day"
"09:22:00","09:22","9","562","AM","Day"
"09:23:00","09:23","9","563","AM","Day"
"09:24:00","09:24","9","564","AM","Day"
"09:25:00","09:25","9","565","AM","Day"
"09:26:00","09:26","9","566","AM","Day"
"09:27:00","09:27","9","567","AM","Day"
"09:28:00","09:28","9","568","AM","Day"
"09:29:00","09:29","9","569","AM","Day"
"09:30:00","09:30","9","570","AM","Day"
"09:31:00","09:31","9","571","AM","Day"
"09:32:00","09:32","9","572","AM","Day"
"09:33:00","09:33","9","573","AM","Day"
"09:34:00","09:34","9","574","AM","Day"
"09:35:00","09:35","9","575","AM","Day"
"09:36:00","09:36","9","576","AM","Day"
"09:37:00","09:37","9","577","AM","Day"
"09:38:00","09:38","9","578","AM","Day"
"09:39:00","09:39","9","579","AM","Day"
"09:40:00","09:40","9","580","AM","Day"
"09:41:00","09:41","9","581","AM","Day"
"09:42:00","09:42","9","582","AM","Day"
"09:43:00","09:43","9","583","AM","Day"
"09:44:00","09:44","9","584","AM","Day"
"09:45:00","09:45","9","585","AM","Day"
"09:46:00","09:46","9","586","AM","Day"
"09:47:00","09:47","9","587","AM","Day"
"09:48:00","09:48","9","588","AM","Day"
"09:49:00","09:49","9","589","AM","Day"
"09:50:00","09:50","9","590","AM","Day"
"09:51:00","09:51","9","591","AM","Day"
"09:52:00","09:52","9","592","AM","Day"
"09:53:00","09:53","9","593","AM","Day"
"09:54:00","09:54","9","594","AM","Day"
"09:55:00","09:55","9","595","AM","Day"
"09:56:00","09:56","9","596","AM","Day"
"09:57:00","09:57","9","597","AM","Day"
"09:58:00","09:58","9","598","AM","Day"
"09:59:00","09:59","9","599","AM","Day"
"10:00:00","10:00","10","600","AM","Day"
"10:01:00","10:01","10","601","AM","Day"
"10:02:00","10:02","10","602","AM","Day"
"10:03:00","10:03","10","603","AM","Day"
"10:04:00","10:04","10","604","AM","Day"
"10:05:00","10:05","10","605","AM","Day"
"10:06:00","10:06","10","606","AM","Day"
"10:07:00","10:07","10","607","AM","Day"
"10:08:00","10:08","10","608","AM","Day"
"10:09:00","10:09","10","609","AM","Day"
"10:10:00","10:10","10","610","AM","Day"
"10:11:00","10:11","10","611","AM","Day"
"10:12:00","10:12","10","612","AM","Day"
"10:13:00","10:13","10","613","AM","Day"
"10:14:00","10:14","10","614","AM","Day"
"10:15:00","10:15","10","615","AM","Day"
"10:16:00","10:16","10","616","AM","Day"
"10:17:00","10:17","10","617","AM","Day"
"10:18:00","10:18","10","618","AM","Day"
"10:19:00","10:19","10","619","AM","Day"
"10:20:00","10:20","10","620","AM","Day"
"10:21:00","10:21","10","621","AM","Day"
"10:22:00","10:22","10","622","AM","Day"
"10:23:00","10:23","10","623","AM","Day"
"10:24:00","10:24","10","624","AM","Day"
"10:25:00","10:25","10","625","AM","Day"
"10:26:00","10:26","10","626","AM","Day"
"10:27:00","10:27","10","627","AM","Day"
"10:28:00","10:28","10","628","AM","Day"
"10:29:00","10:29","10","629","AM","Day"
"10:30:00","10:30","10","630","AM","Day"
"10:31:00","10:31","10","631","AM","Day"
"10:32:00","10:32","10","632","AM","Day"
"10:33:00","10:33","10","633","AM","Day"
"10:34:00","10:34","10","634","AM","Day"
"10:35:00","10:35","10","635","AM","Day"
"10:36:00","10:36","10","636","AM","Day"
"10:37:00","10:37","10","637","AM","Day"
"10:38:00","10:38","10","638","AM","Day"
"10:39:00","10:39","10","639","AM","Day"
"10:40:00","10:40","10","640","AM","Day"
"10:41:00","10:41","10","641","AM","Day"
"10:42:00","10:42","10","642","AM","Day"
"10:43:00","10:43","10","643","AM","Day"
"10:44:00","10:44","10","644","AM","Day"
"10:45:00","10:45","10","645","AM","Day"
"10:46:00","10:46","10","646","AM","Day"
"10:47:00","10:47","10","647","AM","Day"
"10:48:00","10:48","10","648","AM","Day"
"10:49:00","10:49","10","649","AM","Day"
"10:50:00","10:50","10","650","AM","Day"
"10:51:00","10:51","10","651","AM","Day"
"10:52:00","10:52","10","652","AM","Day"
"10:53:00","10:53","10","653","AM","Day"
"10:54:00","10:54","10","654","AM","Day"
"10:55:00","10:55","10","655","AM","Day"
"10:56:00","10:56","10","656","AM","Day"
"10:57:00","10:57","10","657","AM","Day"
"10:58:00","10:58","10","658","AM","Day"
"10:59:00","10:59","10","659","AM","Day"
"11:00:00","11:00","11","660","AM","Day"
"11:01:00","11:01","11","661","AM","Day"
"11:02:00","11:02","11","662","AM","Day"
"11:03:00","11:03","11","663","AM","Day"
"11:04:00","11:04","11","664","AM","Day"
"11:05:00","11:05","11","665","AM","Day"
"11:06:00","11:06","11","666","AM","Day"
"11:07:00","11:07","11","667","AM","Day"
"11:08:00","11:08","11","668","AM","Day"
"11:09:00","11:09","11","669","AM","Day"
"11:10:00","11:10","11","670","AM","Day"
"11:11:00","11:11","11","671","AM","Day"
"11:12:00","11:12","11","672","AM","Day"
"11:13:00","11:13","11","673","AM","Day"
"11:14:00","11:14","11","674","AM","Day"
"11:15:00","11:15","11","675","AM","Day"
"11:16:00","11:16","11","676","AM","Day"
"11:17:00","11:17","11","677","AM","Day"
"11:18:00","11:18","11","678","AM","Day"
"11:19:00","11:19","11","679","AM","Day"
"11:20:00","11:20","11","680","AM","Day"
"11:21:00","11:21","11","681","AM","Day"
"11:22:00","11:22","11","682","AM","Day"
"11:23:00","11:23","11","683","AM","Day"
"11:24:00","11:24","11","684","AM","Day"
"11:25:00","11:25","11","685","AM","Day"
"11:26:00","11:26","11","686","AM","Day"
"11:27:00","11:27","11","687","AM","Day"
"11:28:00","11:28","11","688","AM","Day"
"11:29:00","11:29","11","689","AM","Day"
"11:30:00","11:30","11","690","AM","Day"
"11:31:00","11:31","11","691","AM","Day"
"11:32:00","11:32","11","692","AM","Day"
"11:33:00","11:33","11","693","AM","Day"
"11:34:00","11:34","11","694","AM","Day"
"11:35:00","11:35","11","695","AM","Day"
"11:36:00","11:36","11","696","AM","Day"
"11:37:00","11:37","11","697","AM","Day"
"11:38:00","11:38","11","698","AM","Day"
"11:39:00","11:39","11","699","AM","Day"
"11:40:00","11:40","11","700","AM","Day"
"11:41:00","11:41","11","701","AM","Day"
"11:42:00","11:42","11","702","AM","Day"
"11:43:00","11:43","11","703","AM","Day"
"11:44:00","11:44","11","704","AM","Day"
"11:45:00","11:45","11","705","AM","Day"
"11:46:00","11:46","11","706","AM","Day"
"11:47:00","11:47","11","707","AM","Day"
"11:48:00","11:48","11","708","AM","Day"
"11:49:00","11:49","11","709","AM","Day"
"11:50:00","11:50","11","710","AM","Day"
"11:51:00","11:51","11","711","AM","Day"
"11:52:00","11:52","11","712","AM","Day"
"11:53:00","11:53","11","713","AM","Day"
"11:54:00","11:54","11","714","AM","Day"
"11:55:00","11:55","11","715","AM","Day"
"11:56:00","11:56","11","716","AM","Day"
"11:57:00","11:57","11","717","AM","Day"
"11:58:00","11:58","11","718","AM","Day"
"11:59:00","11:59","11","719","AM","Day"
"12:00:00","12:00","12","720","PM","Day"
"12:01:00","12:01","12","721","PM","Day"
"12:02:00","12:02","12","722","PM","Day"
"12:03:00","12:03","12","723","PM","Day"
"12:04:00","12:04","12","724","PM","Day"
"12:05:00","12:05","12","725","PM","Day"
"12:06:00","12:06","12","726","PM","Day"
"12:07:00","12:07","12","727","PM","Day"
"12:08:00","12:08","12","728","PM","Day"
"12:09:00","12:09","12","729","PM","Day"
"12:10:00","12:10","12","730","PM","Day"
"12:11:00","12:11","12","731","PM","Day"
"12:12:00","12:12","12","732","PM","Day"
"12:13:00","12:13","12","733","PM","Day"
"12:14:00","12:14","12","734","PM","Day"
"12:15:00","12:15","12","735","PM","Day"
"12:16:00","12:16","12","736","PM","Day"
"12:17:00","12:17","12","737","PM","Day"
"12:18:00","12:18","12","738","PM","Day"
"12:19:00","12:19","12","739","PM","Day"
"12:20:00","12:20","12","740","PM","Day"
"12:21:00","12:21","12","741","PM","Day"
"12:22:00","12:22","12","742","PM","Day"
"12:23:00","12:23","12","743","PM","Day"
"12:24:00","12:24","12","744","PM","Day"
"12:25:00","12:25","12","745","PM","Day"
"12:26:00","12:26","12","746","PM","Day"
"12:27:00","12:27","12","747","PM","Day"
"12:28:00","12:28","12","748","PM","Day"
"12:29:00","12:29","12","749","PM","Day"
"12:30:00","12:30","12","750","PM","Day"
"12:31:00","12:31","12","751","PM","Day"
"12:32:00","12:32","12","752","PM","Day"
"12:33:00","12:33","12","753","PM","Day"
"12:34:00","12:34","12","754","PM","Day"
"12:35:00","12:35","12","755","PM","Day"
"12:36:00","12:36","12","756","PM","Day"
"12:37:00","12:37","12","757","PM","Day"
"12:38:00","12:38","12","758","PM","Day"
"12:39:00","12:39","12","759","PM","Day"
"12:40:00","12:40","12","760","PM","Day"
"12:41:00","12:41","12","761","PM","Day"
"12:42:00","12:42","12","762","PM","Day"
"12:43:00","12:43","12","763","PM","Day"
"12:44:00","12:44","12","764","PM","Day"
"12:45:00","12:45","12","765","PM","Day"
"12:46:00","12:46","12","766","PM","Day"
"12:47:00","12:47","12","767","PM","Day"
"12:48:00","12:48","12","768","PM","Day"
"12:49:00","12:49","12","769","PM","Day"
"12:50:00","12:50","12","770","PM","Day"
"12:51:00","12:51","12","771","PM","Day"
"12:52:00","12:52","12","772","PM","Day"
"12:53:00","12:53","12","773","PM","Day"
"12:54:00","12:54","12","774","PM","Day"
"12:55:00","12:55","12","775","PM","Day"
"12:56:00","12:56","12","776","PM","Day"
"12:57:00","12:57","12","777","PM","Day"
"12:58:00","12:58","12","778","PM","Day"
"12:59:00","12:59","12","779","PM","Day"
"13:00:00","13:00","13","780","PM","Day"
"13:01:00","13:01","13","781","PM","Day"
"13:02:00","13:02","13","782","PM","Day"
"13:03:00","13:03","13","783","PM","Day"
"13:04:00","13:04","13","784","PM","Day"
"13:05:00","13:05","13","785","PM","Day"
"13:06:00","13:06","13","786","PM","Day"
"13:07:00","13:07","13","787","PM","Day"
"13:08:00","13:08","13","788","PM","Day"
"13:09:00","13:09","13","789","PM","Day"
"13:10:00","13:10","13","790","PM","Day"
"13:11:00","13:11","13","791","PM","Day"
"13:12:00","13:12","13","792","PM","Day"
"13:13:00","13:13","13","793","PM","Day"
"13:14:00","13:14","13","794","PM","Day"
"13:15:00","13:15","13","795","PM","Day"
"13:16:00","13:16","13","796","PM","Day"
"13:17:00","13:17","13","797","PM","Day"
"13:18:00","13:18","13","798","PM","Day"
"13:19:00","13:19","13","799","PM","Day"
"13:20:00","13:20","13","800","PM","Day"
"13:21:00","13:21","13","801","PM","Day"
"13:22:00","13:22","13","802","PM","Day"
"13:23:00","13:23","13","803","PM","Day"
"13:24:00","13:24","13","804","PM","Day"
"13:25:00","13:25","13","805","PM","Day"
"13:26:00","13:26","13","806","PM","Day"
"13:27:00","13:27","13","807","PM","Day"
"13:28:00","13:28","13","808","PM","Day"
"13:29:00","13:29","13","809","PM","Day"
"13:30:00","13:30","13","810","PM","Day"
"13:31:00","13:31","13","811","PM","Day"
"13:32:00","13:32","13","812","PM","Day"
"13:33:00","13:33","13","813","PM","Day"
"13:34:00","13:34","13","814","PM","Day"
"13:35:00","13:35","13","815","PM","Day"
"13:36:00","13:36","13","816","PM","Day"
"13:37:00","13:37","13","817","PM","Day"
"13:38:00","13:38","13","818","PM","Day"
"13:39:00","13:39","13","819","PM","Day"
"13:40:00","13:40","13","820","PM","Day"
"13:41:00","13:41","13","821","PM","Day"
"13:42:00","13:42","13","822","PM","Day"
"13:43:00","13:43","13","823","PM","Day"
"13:44:00","13:44","13","824","PM","Day"
"13:45:00","13:45","13","825","PM","Day"
"13:46:00","13:46","13","826","PM","Day"
"13:47:00","13:47","13","827","PM","Day"
"13:48:00","13:48","13","828","PM","Day"
"13:49:00","13:49","13","829","PM","Day"
"13:50:00","13:50","13","830","PM","Day"
"13:51:00","13:51","13","831","PM","Day"
"13:52:00","13:52","13","832","PM","Day"
"13:53:00","13:53","13","833","PM","Day"
"13:54:00","13:54","13","834","PM","Day"
"13:55:00","13:55","13","835","PM","Day"
"13:56:00","13:56","13","836","PM","Day"
"13:57:00","13:57","13","837","PM","Day"
"13:58:00","13:58","13","838","PM","Day"
"13:59:00","13:59","13","839","PM","Day"
"14:00:00","14:00","14","840","PM","Day"
"14:01:00","14:01","14","841","PM","Day"
"14:02:00","14:02","14","842","PM","Day"
"14:03:00","14:03","14","843","PM","Day"
"14:04:00","14:04","14","844","PM","Day"
"14:05:00","14:05","14","845","PM","Day"
"14:06:00","14:06","14","846","PM","Day"
"14:07:00","14:07","14","847","PM","Day"
"14:08:00","14:08","14","848","PM","Day"
"14:09:00","14:09","14","849","PM","Day"
"14:10:00","14:10","14","850","PM","Day"
"14:11:00","14:11","14","851","PM","Day"
"14:12:00","14:12","14","852","PM","Day"
"14:13:00","14:13","14","853","PM","Day"
"14:14:00","14:14","14","854","PM","Day"
"14:15:00","14:15","14","855","PM","Day"
"14:16:00","14:16","14","856","PM","Day"
"14:17:00","14:17","14","857","PM","Day"
"14:18:00","14:18","14","858","PM","Day"
"14:19:00","14:19","14","859","PM","Day"
"14:20:00","14:20","14","860","PM","Day"
"14:21:00","14:21","14","861","PM","Day"
"14:22:00","14:22","14","862","PM","Day"
"14:23:00","14:23","14","863","PM","Day"
"14:24:00","14:24","14","864","PM","Day"
"14:25:00","14:25","14","865","PM","Day"
"14:26:00","14:26","14","866","PM","Day"
"14:27:00","14:27","14","867","PM","Day"
"14:28:00","14:28","14","868","PM","Day"
"14:29:00","14:29","14","869","PM","Day"
"14:30:00","14:30","14","870","PM","Day"
"14:31:00","14:31","14","871","PM","Day"
"14:32:00","14:32","14","872","PM","Day"
"14:33:00","14:33","14","873","PM","Day"
"14:34:00","14:34","14","874","PM","Day"
"14:35:00","14:35","14","875","PM","Day"
"14:36:00","14:36","14","876","PM","Day"
"14:37:00","14:37","14","877","PM","Day"
"14:38:00","14:38","14","878","PM","Day"
"14:39:00","14:39","14","879","PM","Day"
"14:40:00","14:40","14","880","PM","Day"
"14:41:00","14:41","14","881","PM","Day"
"14:42:00","14:42","14","882","PM","Day"
"14:43:00","14:43","14","883","PM","Day"
"14:44:00","14:44","14","884","PM","Day"
"14:45:00","14:45","14","885","PM","Day"
"14:46:00","14:46","14","886","PM","Day"
"14:47:00","14:47","14","887","PM","Day"
"14:48:00","14:48","14","888","PM","Day"
"14:49:00","14:49","14","889","PM","Day"
"14:50:00","14:50","14","890","PM","Day"
"14:51:00","14:51","14","891","PM","Day"
"14:52:00","14:52","14","892","PM","Day"
"14:53:00","14:53","14","893","PM","Day"
"14:54:00","14:54","14","894","PM","Day"
"14:55:00","14:55","14","895","PM","Day"
"14:56:00","14:56","14","896","PM","Day"
"14:57:00","14:57","14","897","PM","Day"
"14:58:00","14:58","14","898","PM","Day"
"14:59:00","14:59","14","899","PM","Day"
"15:00:00","15:00","15","900","PM","Day"
"15:01:00","15:01","15","901","PM","Day"
"15:02:00","15:02","15","902","PM","Day"
"15:03:00","15:03","15","903","PM","Day"
"15:04:00","15:04","15","904","PM","Day"
"15:05:00","15:05","15","905","PM","Day"
"15:06:00","15:06","15","906","PM","Day"
"15:07:00","15:07","15","907","PM","Day"
"15:08:00","15:08","15","908","PM","Day"
"15:09:00","15:09","15","909","PM","Day"
"15:10:00","15:10","15","910","PM","Day"
"15:11:00","15:11","15","911","PM","Day"
"15:12:00","15:12","15","912","PM","Day"
"15:13:00","15:13","15","913","PM","Day"
"15:14:00","15:14","15","914","PM","Day"
"15:15:00","15:15","15","915","PM","Day"
"15:16:00","15:16","15","916","PM","Day"
"15:17:00","15:17","15","917","PM","Day"
"15:18:00","15:18","15","918","PM","Day"
"15:19:00","15:19","15","919","PM","Day"
"15:20:00","15:20","15","920","PM","Day"
"15:21:00","15:21","15","921","PM","Day"
"15:22:00","15:22","15","922","PM","Day"
"15:23:00","15:23","15","923","PM","Day"
"15:24:00","15:24","15","924","PM","Day"
"15:25:00","15:25","15","925","PM","Day"
"15:26:00","15:26","15","926","PM","Day"
"15:27:00","15:27","15","927","PM","Day"
"15:28:00","15:28","15","928","PM","Day"
"15:29:00","15:29","15","929","PM","Day"
"15:30:00","15:30","15","930","PM","Day"
"15:31:00","15:31","15","931","PM","Day"
"15:32:00","15:32","15","932","PM","Day"
"15:33:00","15:33","15","933","PM","Day"
"15:34:00","15:34","15","934","PM","Day"
"15:35:00","15:35","15","935","PM","Day"
"15:36:00","15:36","15","936","PM","Day"
"15:37:00","15:37","15","937","PM","Day"
"15:38:00","15:38","15","938","PM","Day"
"15:39:00","15:39","15","939","PM","Day"
"15:40:00","15:40","15","940","PM","Day"
"15:41:00","15:41","15","941","PM","Day"
"15:42:00","15:42","15","942","PM","Day"
"15:43:00","15:43","15","943","PM","Day"
"15:44:00","15:44","15","944","PM","Day"
"15:45:00","15:45","15","945","PM","Day"
"15:46:00","15:46","15","946","PM","Day"
"15:47:00","15:47","15","947","PM","Day"
"15:48:00","15:48","15","948","PM","Day"
"15:49:00","15:49","15","949","PM","Day"
"15:50:00","15:50","15","950","PM","Day"
"15:51:00","15:51","15","951","PM","Day"
"15:52:00","15:52","15","952","PM","Day"
"15:53:00","15:53","15","953","PM","Day"
"15:54:00","15:54","15","954","PM","Day"
"15:55:00","15:55","15","955","PM","Day"
"15:56:00","15:56","15","956","PM","Day"
"15:57:00","15:57","15","957","PM","Day"
"15:58:00","15:58","15","958","PM","Day"
"15:59:00","15:59","15","959","PM","Day"
"16:00:00","16:00","16","960","PM","Day"
"16:01:00","16:01","16","961","PM","Day"
"16:02:00","16:02","16","962","PM","Day"
"16:03:00","16:03","16","963","PM","Day"
"16:04:00","16:04","16","964","PM","Day"
"16:05:00","16:05","16","965","PM","Day"
"16:06:00","16:06","16","966","PM","Day"
"16:07:00","16:07","16","967","PM","Day"
"16:08:00","16:08","16","968","PM","Day"
"16:09:00","16:09","16","969","PM","Day"
"16:10:00","16:10","16","970","PM","Day"
"16:11:00","16:11","16","971","PM","Day"
"16:12:00","16:12","16","972","PM","Day"
"16:13:00","16:13","16","973","PM","Day"
"16:14:00","16:14","16","974","PM","Day"
"16:15:00","16:15","16","975","PM","Day"
"16:16:00","16:16","16","976","PM","Day"
"16:17:00","16:17","16","977","PM","Day"
"16:18:00","16:18","16","978","PM","Day"
"16:19:00","16:19","16","979","PM","Day"
"16:20:00","16:20","16","980","PM","Day"
"16:21:00","16:21","16","981","PM","Day"
"16:22:00","16:22","16","982","PM","Day"
"16:23:00","16:23","16","983","PM","Day"
"16:24:00","16:24","16","984","PM","Day"
"16:25:00","16:25","16","985","PM","Day"
"16:26:00","16:26","16","986","PM","Day"
"16:27:00","16:27","16","987","PM","Day"
"16:28:00","16:28","16","988","PM","Day"
"16:29:00","16:29","16","989","PM","Day"
"16:30:00","16:30","16","990","PM","Day"
"16:31:00","16:31","16","991","PM","Day"
"16:32:00","16:32","16","992","PM","Day"
"16:33:00","16:33","16","993","PM","Day"
"16:34:00","16:34","16","994","PM","Day"
"16:35:00","16:35","16","995","PM","Day"
"16:36:00","16:36","16","996","PM","Day"
"16:37:00","16:37","16","997","PM","Day"
"16:38:00","16:38","16","998","PM","Day"
"16:39:00","16:39","16","999","PM","Day"
"16:40:00","16:40","16","1000","PM","Day"
"16:41:00","16:41","16","1001","PM","Day"
"16:42:00","16:42","16","1002","PM","Day"
"16:43:00","16:43","16","1003","PM","Day"
"16:44:00","16:44","16","1004","PM","Day"
"16:45:00","16:45","16","1005","PM","Day"
"16:46:00","16:46","16","1006","PM","Day"
"16:47:00","16:47","16","1007","PM","Day"
"16:48:00","16:48","16","1008","PM","Day"
"16:49:00","16:49","16","1009","PM","Day"
"16:50:00","16:50","16","1010","PM","Day"
"16:51:00","16:51","16","1011","PM","Day"
"16:52:00","16:52","16","1012","PM","Day"
"16:53:00","16:53","16","1013","PM","Day"
"16:54:00","16:54","16","1014","PM","Day"
"16:55:00","16:55","16","1015","PM","Day"
"16:56:00","16:56","16","1016","PM","Day"
"16:57:00","16:57","16","1017","PM","Day"
"16:58:00","16:58","16","1018","PM","Day"
"16:59:00","16:59","16","1019","PM","Day"
"17:00:00","17:00","17","1020","PM","Day"
"17:01:00","17:01","17","1021","PM","Day"
"17:02:00","17:02","17","1022","PM","Day"
"17:03:00","17:03","17","1023","PM","Day"
"17:04:00","17:04","17","1024","PM","Day"
"17:05:00","17:05","17","1025","PM","Day"
"17:06:00","17:06","17","1026","PM","Day"
"17:07:00","17:07","17","1027","PM","Day"
"17:08:00","17:08","17","1028","PM","Day"
"17:09:00","17:09","17","1029","PM","Day"
"17:10:00","17:10","17","1030","PM","Day"
"17:11:00","17:11","17","1031","PM","Day"
"17:12:00","17:12","17","1032","PM","Day"
"17:13:00","17:13","17","1033","PM","Day"
"17:14:00","17:14","17","1034","PM","Day"
"17:15:00","17:15","17","1035","PM","Day"
"17:16:00","17:16","17","1036","PM","Day"
"17:17:00","17:17","17","1037","PM","Day"
"17:18:00","17:18","17","1038","PM","Day"
"17:19:00","17:19","17","1039","PM","Day"
"17:20:00","17:20","17","1040","PM","Day"
"17:21:00","17:21","17","1041","PM","Day"
"17:22:00","17:22","17","1042","PM","Day"
"17:23:00","17:23","17","1043","PM","Day"
"17:24:00","17:24","17","1044","PM","Day"
"17:25:00","17:25","17","1045","PM","Day"
"17:26:00","17:26","17","1046","PM","Day"
"17:27:00","17:27","17","1047","PM","Day"
"17:28:00","17:28","17","1048","PM","Day"
"17:29:00","17:29","17","1049","PM","Day"
"17:30:00","17:30","17","1050","PM","Day"
"17:31:00","17:31","17","1051","PM","Day"
"17:32:00","17:32","17","1052","PM","Day"
"17:33:00","17:33","17","1053","PM","Day"
"17:34:00","17:34","17","1054","PM","Day"
"17:35:00","17:35","17","1055","PM","Day"
"17:36:00","17:36","17","1056","PM","Day"
"17:37:00","17:37","17","1057","PM","Day"
"17:38:00","17:38","17","1058","PM","Day"
"17:39:00","17:39","17","1059","PM","Day"
"17:40:00","17:40","17","1060","PM","Day"
"17:41:00","17:41","17","1061","PM","Day"
"17:42:00","17:42","17","1062","PM","Day"
"17:43:00","17:43","17","1063","PM","Day"
"17:44:00","17:44","17","1064","PM","Day"
"17:45:00","17:45","17","1065","PM","Day"
"17:46:00","17:46","17","1066","PM","Day"
"17:47:00","17:47","17","1067","PM","Day"
"17:48:00","17:48","17","1068","PM","Day"
"17:49:00","17:49","17","1069","PM","Day"
"17:50:00","17:50","17","1070","PM","Day"
"17:51:00","17:51","17","1071","PM","Day"
"17:52:00","17:52","17","1072","PM","Day"
"17:53:00","17:53","17","1073","PM","Day"
"17:54:00","17:54","17","1074","PM","Day"
"17:55:00","17:55","17","1075","PM","Day"
"17:56:00","17:56","17","1076","PM","Day"
"17:57:00","17:57","17","1077","PM","Day"
"17:58:00","17:58","17","1078","PM","Day"
"17:59:00","17:59","17","1079","PM","Day"
"18:00:00","18:00","18","1080","Evening","Day"
"18:01:00","18:01","18","1081","Evening","Day"
"18:02:00","18:02","18","1082","Evening","Day"
"18:03:00","18:03","18","1083","Evening","Day"
"18:04:00","18:04","18","1084","Evening","Day"
"18:05:00","18:05","18","1085","Evening","Day"
"18:06:00","18:06","18","1086","Evening","Day"
"18:07:00","18:07","18","1087","Evening","Day"
"18:08:00","18:08","18","1088","Evening","Day"
"18:09:00","18:09","18","1089","Evening","Day"
"18:10:00","18:10","18","1090","Evening","Day"
"18:11:00","18:11","18","1091","Evening","Day"
"18:12:00","18:12","18","1092","Evening","Day"
"18:13:00","18:13","18","1093","Evening","Day"
"18:14:00","18:14","18","1094","Evening","Day"
"18:15:00","18:15","18","1095","Evening","Day"
"18:16:00","18:16","18","1096","Evening","Day"
"18:17:00","18:17","18","1097","Evening","Day"
"18:18:00","18:18","18","1098","Evening","Day"
"18:19:00","18:19","18","1099","Evening","Day"
"18:20:00","18:20","18","1100","Evening","Day"
"18:21:00","18:21","18","1101","Evening","Day"
"18:22:00","18:22","18","1102","Evening","Day"
"18:23:00","18:23","18","1103","Evening","Day"
"18:24:00","18:24","18","1104","Evening","Day"
"18:25:00","18:25","18","1105","Evening","Day"
"18:26:00","18:26","18","1106","Evening","Day"
"18:27:00","18:27","18","1107","Evening","Day"
"18:28:00","18:28","18","1108","Evening","Day"
"18:29:00","18:29","18","1109","Evening","Day"
"18:30:00","18:30","18","1110","Evening","Day"
"18:31:00","18:31","18","1111","Evening","Day"
"18:32:00","18:32","18","1112","Evening","Day"
"18:33:00","18:33","18","1113","Evening","Day"
"18:34:00","18:34","18","1114","Evening","Day"
"18:35:00","18:35","18","1115","Evening","Day"
"18:36:00","18:36","18","1116","Evening","Day"
"18:37:00","18:37","18","1117","Evening","Day"
"18:38:00","18:38","18","1118","Evening","Day"
"18:39:00","18:39","18","1119","Evening","Day"
"18:40:00","18:40","18","1120","Evening","Day"
"18:41:00","18:41","18","1121","Evening","Day"
"18:42:00","18:42","18","1122","Evening","Day"
"18:43:00","18:43","18","1123","Evening","Day"
"18:44:00","18:44","18","1124","Evening","Day"
"18:45:00","18:45","18","1125","Evening","Day"
"18:46:00","18:46","18","1126","Evening","Day"
"18:47:00","18:47","18","1127","Evening","Day"
"18:48:00","18:48","18","1128","Evening","Day"
"18:49:00","18:49","18","1129","Evening","Day"
"18:50:00","18:50","18","1130","Evening","Day"
"18:51:00","18:51","18","1131","Evening","Day"
"18:52:00","18:52","18","1132","Evening","Day"
"18:53:00","18:53","18","1133","Evening","Day"
"18:54:00","18:54","18","1134","Evening","Day"
"18:55:00","18:55","18","1135","Evening","Day"
"18:56:00","18:56","18","1136","Evening","Day"
"18:57:00","18:57","18","1137","Evening","Day"
"18:58:00","18:58","18","1138","Evening","Day"
"18:59:00","18:59","18","1139","Evening","Day"
"19:00:00","19:00","19","1140","Evening","Day"
"19:01:00","19:01","19","1141","Evening","Day"
"19:02:00","19:02","19","1142","Evening","Day"
"19:03:00","19:03","19","1143","Evening","Day"
"19:04:00","19:04","19","1144","Evening","Day"
"19:05:00","19:05","19","1145","Evening","Day"
"19:06:00","19:06","19","1146","Evening","Day"
"19:07:00","19:07","19","1147","Evening","Day"
"19:08:00","19:08","19","1148","Evening","Day"
"19:09:00","19:09","19","1149","Evening","Day"
"19:10:00","19:10","19","1150","Evening","Day"
"19:11:00","19:11","19","1151","Evening","Day"
"19:12:00","19:12","19","1152","Evening","Day"
"19:13:00","19:13","19","1153","Evening","Day"
"19:14:00","19:14","19","1154","Evening","Day"
"19:15:00","19:15","19","1155","Evening","Day"
"19:16:00","19:16","19","1156","Evening","Day"
"19:17:00","19:17","19","1157","Evening","Day"
"19:18:00","19:18","19","1158","Evening","Day"
"19:19:00","19:19","19","1159","Evening","Day"
"19:20:00","19:20","19","1160","Evening","Day"
"19:21:00","19:21","19","1161","Evening","Day"
"19:22:00","19:22","19","1162","Evening","Day"
"19:23:00","19:23","19","1163","Evening","Day"
"19:24:00","19:24","19","1164","Evening","Day"
"19:25:00","19:25","19","1165","Evening","Day"
"19:26:00","19:26","19","1166","Evening","Day"
"19:27:00","19:27","19","1167","Evening","Day"
"19:28:00","19:28","19","1168","Evening","Day"
"19:29:00","19:29","19","1169","Evening","Day"
"19:30:00","19:30","19","1170","Evening","Day"
"19:31:00","19:31","19","1171","Evening","Day"
"19:32:00","19:32","19","1172","Evening","Day"
"19:33:00","19:33","19","1173","Evening","Day"
"19:34:00","19:34","19","1174","Evening","Day"
"19:35:00","19:35","19","1175","Evening","Day"
"19:36:00","19:36","19","1176","Evening","Day"
"19:37:00","19:37","19","1177","Evening","Day"
"19:38:00","19:38","19","1178","Evening","Day"
"19:39:00","19:39","19","1179","Evening","Day"
"19:40:00","19:40","19","1180","Evening","Day"
"19:41:00","19:41","19","1181","Evening","Day"
"19:42:00","19:42","19","1182","Evening","Day"
"19:43:00","19:43","19","1183","Evening","Day"
"19:44:00","19:44","19","1184","Evening","Day"
"19:45:00","19:45","19","1185","Evening","Day"
"19:46:00","19:46","19","1186","Evening","Day"
"19:47:00","19:47","19","1187","Evening","Day"
"19:48:00","19:48","19","1188","Evening","Day"
"19:49:00","19:49","19","1189","Evening","Day"
"19:50:00","19:50","19","1190","Evening","Day"
"19:51:00","19:51","19","1191","Evening","Day"
"19:52:00","19:52","19","1192","Evening","Day"
"19:53:00","19:53","19","1193","Evening","Day"
"19:54:00","19:54","19","1194","Evening","Day"
"19:55:00","19:55","19","1195","Evening","Day"
"19:56:00","19:56","19","1196","Evening","Day"
"19:57:00","19:57","19","1197","Evening","Day"
"19:58:00","19:58","19","1198","Evening","Day"
"19:59:00","19:59","19","1199","Evening","Day"
"20:00:00","20:00","20","1200","Evening","Night"
"20:01:00","20:01","20","1201","Evening","Night"
"20:02:00","20:02","20","1202","Evening","Night"
"20:03:00","20:03","20","1203","Evening","Night"
"20:04:00","20:04","20","1204","Evening","Night"
"20:05:00","20:05","20","1205","Evening","Night"
"20:06:00","20:06","20","1206","Evening","Night"
"20:07:00","20:07","20","1207","Evening","Night"
"20:08:00","20:08","20","1208","Evening","Night"
"20:09:00","20:09","20","1209","Evening","Night"
"20:10:00","20:10","20","1210","Evening","Night"
"20:11:00","20:11","20","1211","Evening","Night"
"20:12:00","20:12","20","1212","Evening","Night"
"20:13:00","20:13","20","1213","Evening","Night"
"20:14:00","20:14","20","1214","Evening","Night"
"20:15:00","20:15","20","1215","Evening","Night"
"20:16:00","20:16","20","1216","Evening","Night"
"20:17:00","20:17","20","1217","Evening","Night"
"20:18:00","20:18","20","1218","Evening","Night"
"20:19:00","20:19","20","1219","Evening","Night"
"20:20:00","20:20","20","1220","Evening","Night"
"20:21:00","20:21","20","1221","Evening","Night"
"20:22:00","20:22","20","1222","Evening","Night"
"20:23:00","20:23","20","1223","Evening","Night"
"20:24:00","20:24","20","1224","Evening","Night"
"20:25:00","20:25","20","1225","Evening","Night"
"20:26:00","20:26","20","1226","Evening","Night"
"20:27:00","20:27","20","1227","Evening","Night"
"20:28:00","20:28","20","1228","Evening","Night"
"20:29:00","20:29","20","1229","Evening","Night"
"20:30:00","20:30","20","1230","Evening","Night"
"20:31:00","20:31","20","1231","Evening","Night"
"20:32:00","20:32","20","1232","Evening","Night"
"20:33:00","20:33","20","1233","Evening","Night"
"20:34:00","20:34","20","1234","Evening","Night"
"20:35:00","20:35","20","1235","Evening","Night"
"20:36:00","20:36","20","1236","Evening","Night"
"20:37:00","20:37","20","1237","Evening","Night"
"20:38:00","20:38","20","1238","Evening","Night"
"20:39:00","20:39","20","1239","Evening","Night"
"20:40:00","20:40","20","1240","Evening","Night"
"20:41:00","20:41","20","1241","Evening","Night"
"20:42:00","20:42","20","1242","Evening","Night"
"20:43:00","20:43","20","1243","Evening","Night"
"20:44:00","20:44","20","1244","Evening","Night"
"20:45:00","20:45","20","1245","Evening","Night"
"20:46:00","20:46","20","1246","Evening","Night"
"20:47:00","20:47","20","1247","Evening","Night"
"20:48:00","20:48","20","1248","Evening","Night"
"20:49:00","20:49","20","1249","Evening","Night"
"20:50:00","20:50","20","1250","Evening","Night"
"20:51:00","20:51","20","1251","Evening","Night"
"20:52:00","20:52","20","1252","Evening","Night"
"20:53:00","20:53","20","1253","Evening","Night"
"20:54:00","20:54","20","1254","Evening","Night"
"20:55:00","20:55","20","1255","Evening","Night"
"20:56:00","20:56","20","1256","Evening","Night"
"20:57:00","20:57","20","1257","Evening","Night"
"20:58:00","20:58","20","1258","Evening","Night"
"20:59:00","20:59","20","1259","Evening","Night"
"21:00:00","21:00","21","1260","Evening","Night"
"21:01:00","21:01","21","1261","Evening","Night"
"21:02:00","21:02","21","1262","Evening","Night"
"21:03:00","21:03","21","1263","Evening","Night"
"21:04:00","21:04","21","1264","Evening","Night"
"21:05:00","21:05","21","1265","Evening","Night"
"21:06:00","21:06","21","1266","Evening","Night"
"21:07:00","21:07","21","1267","Evening","Night"
"21:08:00","21:08","21","1268","Evening","Night"
"21:09:00","21:09","21","1269","Evening","Night"
"21:10:00","21:10","21","1270","Evening","Night"
"21:11:00","21:11","21","1271","Evening","Night"
"21:12:00","21:12","21","1272","Evening","Night"
"21:13:00","21:13","21","1273","Evening","Night"
"21:14:00","21:14","21","1274","Evening","Night"
"21:15:00","21:15","21","1275","Evening","Night"
"21:16:00","21:16","21","1276","Evening","Night"
"21:17:00","21:17","21","1277","Evening","Night"
"21:18:00","21:18","21","1278","Evening","Night"
"21:19:00","21:19","21","1279","Evening","Night"
"21:20:00","21:20","21","1280","Evening","Night"
"21:21:00","21:21","21","1281","Evening","Night"
"21:22:00","21:22","21","1282","Evening","Night"
"21:23:00","21:23","21","1283","Evening","Night"
"21:24:00","21:24","21","1284","Evening","Night"
"21:25:00","21:25","21","1285","Evening","Night"
"21:26:00","21:26","21","1286","Evening","Night"
"21:27:00","21:27","21","1287","Evening","Night"
"21:28:00","21:28","21","1288","Evening","Night"
"21:29:00","21:29","21","1289","Evening","Night"
"21:30:00","21:30","21","1290","Evening","Night"
"21:31:00","21:31","21","1291","Evening","Night"
"21:32:00","21:32","21","1292","Evening","Night"
"21:33:00","21:33","21","1293","Evening","Night"
"21:34:00","21:34","21","1294","Evening","Night"
"21:35:00","21:35","21","1295","Evening","Night"
"21:36:00","21:36","21","1296","Evening","Night"
"21:37:00","21:37","21","1297","Evening","Night"
"21:38:00","21:38","21","1298","Evening","Night"
"21:39:00","21:39","21","1299","Evening","Night"
"21:40:00","21:40","21","1300","Evening","Night"
"21:41:00","21:41","21","1301","Evening","Night"
"21:42:00","21:42","21","1302","Evening","Night"
"21:43:00","21:43","21","1303","Evening","Night"
"21:44:00","21:44","21","1304","Evening","Night"
"21:45:00","21:45","21","1305","Evening","Night"
"21:46:00","21:46","21","1306","Evening","Night"
"21:47:00","21:47","21","1307","Evening","Night"
"21:48:00","21:48","21","1308","Evening","Night"
"21:49:00","21:49","21","1309","Evening","Night"
"21:50:00","21:50","21","1310","Evening","Night"
"21:51:00","21:51","21","1311","Evening","Night"
"21:52:00","21:52","21","1312","Evening","Night"
"21:53:00","21:53","21","1313","Evening","Night"
"21:54:00","21:54","21","1314","Evening","Night"
"21:55:00","21:55","21","1315","Evening","Night"
"21:56:00","21:56","21","1316","Evening","Night"
"21:57:00","21:57","21","1317","Evening","Night"
"21:58:00","21:58","21","1318","Evening","Night"
"21:59:00","21:59","21","1319","Evening","Night"
"22:00:00","22:00","22","1320","Evening","Night"
"22:01:00","22:01","22","1321","Evening","Night"
"22:02:00","22:02","22","1322","Evening","Night"
"22:03:00","22:03","22","1323","Evening","Night"
"22:04:00","22:04","22","1324","Evening","Night"
"22:05:00","22:05","22","1325","Evening","Night"
"22:06:00","22:06","22","1326","Evening","Night"
"22:07:00","22:07","22","1327","Evening","Night"
"22:08:00","22:08","22","1328","Evening","Night"
"22:09:00","22:09","22","1329","Evening","Night"
"22:10:00","22:10","22","1330","Evening","Night"
"22:11:00","22:11","22","1331","Evening","Night"
"22:12:00","22:12","22","1332","Evening","Night"
"22:13:00","22:13","22","1333","Evening","Night"
"22:14:00","22:14","22","1334","Evening","Night"
"22:15:00","22:15","22","1335","Evening","Night"
"22:16:00","22:16","22","1336","Evening","Night"
"22:17:00","22:17","22","1337","Evening","Night"
"22:18:00","22:18","22","1338","Evening","Night"
"22:19:00","22:19","22","1339","Evening","Night"
"22:20:00","22:20","22","1340","Evening","Night"
"22:21:00","22:21","22","1341","Evening","Night"
"22:22:00","22:22","22","1342","Evening","Night"
"22:23:00","22:23","22","1343","Evening","Night"
"22:24:00","22:24","22","1344","Evening","Night"
"22:25:00","22:25","22","1345","Evening","Night"
"22:26:00","22:26","22","1346","Evening","Night"
"22:27:00","22:27","22","1347","Evening","Night"
"22:28:00","22:28","22","1348","Evening","Night"
"22:29:00","22:29","22","1349","Evening","Night"
"22:30:00","22:30","22","1350","Night","Night"
"22:31:00","22:31","22","1351","Night","Night"
"22:32:00","22:32","22","1352","Night","Night"
"22:33:00","22:33","22","1353","Night","Night"
"22:34:00","22:34","22","1354","Night","Night"
"22:35:00","22:35","22","1355","Night","Night"
"22:36:00","22:36","22","1356","Night","Night"
"22:37:00","22:37","22","1357","Night","Night"
"22:38:00","22:38","22","1358","Night","Night"
"22:39:00","22:39","22","1359","Night","Night"
"22:40:00","22:40","22","1360","Night","Night"
"22:41:00","22:41","22","1361","Night","Night"
"22:42:00","22:42","22","1362","Night","Night"
"22:43:00","22:43","22","1363","Night","Night"
"22:44:00","22:44","22","1364","Night","Night"
"22:45:00","22:45","22","1365","Night","Night"
"22:46:00","22:46","22","1366","Night","Night"
"22:47:00","22:47","22","1367","Night","Night"
"22:48:00","22:48","22","1368","Night","Night"
"22:49:00","22:49","22","1369","Night","Night"
"22:50:00","22:50","22","1370","Night","Night"
"22:51:00","22:51","22","1371","Night","Night"
"22:52:00","22:52","22","1372","Night","Night"
"22:53:00","22:53","22","1373","Night","Night"
"22:54:00","22:54","22","1374","Night","Night"
"22:55:00","22:55","22","1375","Night","Night"
"22:56:00","22:56","22","1376","Night","Night"
"22:57:00","22:57","22","1377","Night","Night"
"22:58:00","22:58","22","1378","Night","Night"
"22:59:00","22:59","22","1379","Night","Night"
"23:00:00","23:00","23","1380","Night","Night"
"23:01:00","23:01","23","1381","Night","Night"
"23:02:00","23:02","23","1382","Night","Night"
"23:03:00","23:03","23","1383","Night","Night"
"23:04:00","23:04","23","1384","Night","Night"
"23:05:00","23:05","23","1385","Night","Night"
"23:06:00","23:06","23","1386","Night","Night"
"23:07:00","23:07","23","1387","Night","Night"
"23:08:00","23:08","23","1388","Night","Night"
"23:09:00","23:09","23","1389","Night","Night"
"23:10:00","23:10","23","1390","Night","Night"
"23:11:00","23:11","23","1391","Night","Night"
"23:12:00","23:12","23","1392","Night","Night"
"23:13:00","23:13","23","1393","Night","Night"
"23:14:00","23:14","23","1394","Night","Night"
"23:15:00","23:15","23","1395","Night","Night"
"23:16:00","23:16","23","1396","Night","Night"
"23:17:00","23:17","23","1397","Night","Night"
"23:18:00","23:18","23","1398","Night","Night"
"23:19:00","23:19","23","1399","Night","Night"
"23:20:00","23:20","23","1400","Night","Night"
"23:21:00","23:21","23","1401","Night","Night"
"23:22:00","23:22","23","1402","Night","Night"
"23:23:00","23:23","23","1403","Night","Night"
"23:24:00","23:24","23","1404","Night","Night"
"23:25:00","23:25","23","1405","Night","Night"
"23:26:00","23:26","23","1406","Night","Night"
"23:27:00","23:27","23","1407","Night","Night"
"23:28:00","23:28","23","1408","Night","Night"
"23:29:00","23:29","23","1409","Night","Night"
"23:30:00","23:30","23","1410","Night","Night"
"23:31:00","23:31","23","1411","Night","Night"
"23:32:00","23:32","23","1412","Night","Night"
"23:33:00","23:33","23","1413","Night","Night"
"23:34:00","23:34","23","1414","Night","Night"
"23:35:00","23:35","23","1415","Night","Night"
"23:36:00","23:36","23","1416","Night","Night"
"23:37:00","23:37","23","1417","Night","Night"
"23:38:00","23:38","23","1418","Night","Night"
"23:39:00","23:39","23","1419","Night","Night"
"23:40:00","23:40","23","1420","Night","Night"
"23:41:00","23:41","23","1421","Night","Night"
"23:42:00","23:42","23","1422","Night","Night"
"23:43:00","23:43","23","1423","Night","Night"
"23:44:00","23:44","23","1424","Night","Night"
"23:45:00","23:45","23","1425","Night","Night"
"23:46:00","23:46","23","1426","Night","Night"
"23:47:00","23:47","23","1427","Night","Night"
"23:48:00","23:48","23","1428","Night","Night"
"23:49:00","23:49","23","1429","Night","Night"
"23:50:00","23:50","23","1430","Night","Night"
"23:51:00","23:51","23","1431","Night","Night"
"23:52:00","23:52","23","1432","Night","Night"
"23:53:00","23:53","23","1433","Night","Night"
"23:54:00","23:54","23","1434","Night","Night"
"23:55:00","23:55","23","1435","Night","Night"
"23:56:00","23:56","23","1436","Night","Night"
"23:57:00","23:57","23","1437","Night","Night"
"23:58:00","23:58","23","1438","Night","Night"
"23:59:00","23:59","23","1439","Night","Night"